uid,body,title,url,newspaper_uid,host,n_tokens_titletitle,n_tokens_titlebody
b0d09c9c0e166904fa2b46e4a77897e3,"La final de la Copa del Rey entre Barcelona y el Atletic de Bilbao de 1984 fue uno de los partidos más polémicos en la historia del fútbol español. Hasta antes del encuentro ya había un pronóstico hostil. El entrenador del equipo vasco era Javier Clemente, reconocido por sus frases contra los argentinos, mientras que en la banca del equipo azulgrana estaba César Luis Menotti, campeón del mundo con la Albiceleste en 1978. ¿Y en la cancha? Maradona ante Goikoetxea, el mismo quien meses antes lesionó al Diego, provocándole una fractura de tobillo. El partido que se disputó en el estadio Santiago Bernabéu terminó en 1-0 en favor de los vascos. Tras el pitazo final, Maradona, quien jugó su último encuentro con el club culé, se descontroló y golpeó a Núñez y Sola. Ahí el conflicto estalló hasta transformarse en una verdadera batalla campal, que tuvo como espectadores a los reyes de España.",Diez veces en que leyendas del fútbol perdieron la cordura en la cancha,https://www.latercera.com//el-deportivo/noticia/diez-veces-en-que-leyendas-del-futbol-perdieron-la-cordura-en-la-cancha/JZT6VQNJRJD6FL43WPODSUAX2M/,latercera,www.latercera.com,7.0,73.0
a4170b2442d9445074c40dc55e818776,"Su sueño era entender a las mascotas. Con ese objetivo, la afamada investigadora Melina Melinao comenzó a trabajar en un aparato para poder entender el lenguaje de los animales. Junto a su gato Anticucho, la doctora ayuda a un perro callejero, un loro, una cerdita y una yegua a resolver sus problemas. En el camino se encuentra con un terrible caso de maltrato animal.",Los Contadores Auditores estrenan obra infantil virtual en el GAM ,https://www.latercera.com//culto/2020/07/14/los-contadores-auditores-estrenan-obra-infantil-virtual-en-el-gam/,latercera,www.latercera.com,7.0,33.0
1109d6df7d454f0a64356115981cbe07,"La ofensiva de Audi en la presente temporada no se detiene. La marca alemana que cerró un primer bastante movido -con los lanzamientos del pequeño A1 Sportback y luego de los familiares Q3 y Q3 Sportback- abre los fuegos de la segunda mitad del año con el renovado Audi A4. El sedán innova en materia de diseño y también lo hace en cuanto a motorizaciones, que ahora suma variantes de hibridación suave. Además, estará disponible en su configuración más salvaje: el Audi S4 con motor 3.0 turbo de 353 caballos y tracción total quattro.",Audi A4 2020: la quinta generación suma motorizaciones y ajusta el look,https://www.latercera.com//mtonline/noticia/audi-a4-2020-misma-generacion-pero-con-nuevas-motorizaciones-y-remozado-look/R7YG6KHCWNAK3M4BE4YM7Q6KVY/,latercera,www.latercera.com,7.0,46.0
a3f9029d2fa1f63f3a14c5f75b3d91ad,"Establecieron su práctica en Brasil el año 2012, creando desde muebles y accesorios de diseño hasta salas de exposición comerciales y oficinas, además de proyectos residenciales definitivamente memorables. El italiano Matteo Arnone y el español Pep Pons son Atelier Branco, quienes aprendieron su hermoso quehacer constructivista y con claros aires a la arquitectura modernista de posguerra del s. XX en Suiza. Allí estudiaron en la Academia de Arquitectura de Mendrisio, casa de estudios altamente reconocida en el mundo entero, donde el Pritzker Peter Zumthor es académico desde 1996, entre otros grandes de la arquitectura mundial.",Como obra natural,https://www.latercera.com//masdeco/como-obra-natural/,latercera,www.latercera.com,2.0,54.0
69a5eff40f3986d2f318255224842872,"“Es una paradoja. La obra, el bien cultural, está jugando un rol muy importante; la gente consume más películas, más libros, incluso más artes escénicas. Los artistas y trabajadores de la cultura están haciendo un aporte significativo en la pandemia y, sin embargo, su situación actual es dramática y probablemente va a empeorar”, asegura Bárbara Negrón, directora del Observatorio de Políticas Culturales (OPC).",Crisis y acción: trabajadores de la cultura proponen plan de emergencia y reactivación ,https://www.latercera.com//la-tercera-pm/noticia/crisis-y-accion-trabajadores-de-la-cultura-proponen-plan-de-emergencia-y-reactivacion/JBYFQMHON5HOVKDYVKEKTQYVWU/,latercera,www.latercera.com,8.0,36.0
2c41f2782e66a5abfd56d05851069094,Por unanimidad la comisión de Hacienda del Senado aprobó el proyecto que crea un sistema de cuidado para los padres con hijos menores a 6 años durante el período de catástrofe debido al Covid.,Comisión de Hacienda del Senado aprueba proyecto que amplía el posnatal y queda a un paso de avanzar a la Sala,https://www.latercera.com//pulso/noticia/comision-de-hacienda-del-senado-aprueba-proyecto-que-amplia-el-posnatal-y-queda-a-un-paso-de-avanzar-a-la-sala/23AA3MDR5BDLTI3LFUUKDQDO2I/,latercera,www.latercera.com,11.0,17.0
3a3955a6574dcd0fa20fec97054dfd56,El crujir de Amarea,Don cochayuyo: para comerte mejor,https://www.latercera.com//masdeco/don-cochayuyo-para-comerte-mejor/,latercera,www.latercera.com,4.0,2.0
9f8657b6f592e8a20e4bf08e86799161,"Feller Rate ratificó la clasificación AA para la solvencia del Banco Itaú Corpbanca y las perspectivas en “estables”, luego del anuncio de ajuste contable no recurrente informado la semana pasada por la entidad financiera.",Feller Rate ratifica clasificación AA para Banco Itaú,https://www.latercera.com//pulso-trader/noticia/feller-rate-ratifica-clasificacion-aa-para-banco-itau/OSJVJE5JZJERVG7PEPSRPF6KBI/,latercera,www.latercera.com,7.0,21.0
25af1251a46fe7f8bad58c4a67912261,"El Consejo Nacional Electoral (CNE) de Venezuela fijó para el 6 de diciembre la realización de las elecciones parlamentarias, lo que es exhibido por el gobierno de Nicolás Maduro como prueba de una democracia vibrante y plenamente apegada a las formas institucionales. Pero en los hechos la realidad es muy distinta, pues existe una alta probabilidad de que todo el proceso se encamine hacia un fraude electoral a gran escala, con lo cual el régimen terminaría copando todos los espacios de poder. La Asamblea Nacional es el único ente que sigue en manos de la oposición y que ha logrado servir como bastión de resistencia, pero si ésta cae en manos del chavismo, la posibilidad de que la crisis venezolana logre una salida por cauces institucionales y pacíficos se ve cada vez más lejana.",Graves amenazas a la oposición venezolana,https://www.latercera.com//opinion/noticia/graves-amenazas-a-la-oposicion-venezolana/GJRV46737VBCHKGNIIFT57K5LI/,latercera,www.latercera.com,4.0,68.0
4c3efecb30a8f455933e639da57aa161,"Durante los primeros ocho días de julio, el promedio de fallecidos asociados al Covid-19 fue de 140,25 decesos cada 24 horas. Ello se desprende a partir del desglose diario de las cifras informadas por el Departamento de Estadística e Información de Salud (DEIS) que difunde el Ministerio de Ciencia.",DEIS: Promedio de muertes asociadas al Covid-19 durante los ocho primeros días de julio es de 140 cada 24 horas,https://www.latercera.com//nacional/noticia/deis-promedio-de-muertes-asociadas-al-covid-19-durante-los-ocho-primeros-dias-de-julio-es-de-14025-cada-24-horas/XYQ3QNCUUZGGPGKSJD4TDN74N4/,latercera,www.latercera.com,10.0,25.0
437c666759cbdc4e1415fc5d13961ba2,"Desde el viernes pasado y con el objetivo de mejorar la transparencia de datos, según indicaron el ministro de Salud, Enrique Paris, y su par de Bienes Nacionales, Julio Isamit, el visor territorial que entregaba datos con respecto a la pandemia también incluye ahora información de contagios activos por kilómetro cuadrado a lo largo de todo el país.","Así es el Visor Territorial Covid-19, plataforma que muestra los contagios por kilómetro cuadrado a lo largo de todo Chile",https://www.latercera.com//nacional/noticia/asi-es-el-visor-territorial-covid-19-plataforma-que-muestra-los-contagios-por-kilometro-cuadrado-a-lo-largo-de-todo-chile/ME4E5SALNBG5DEIAGJQQ74X7H4/,latercera,www.latercera.com,10.0,32.0
e770db5d883c30920c2b2f703abba053,"Por Gabriel Zaliasnik, profesor de Derecho Penal, Facultad de Derecho U. de Chile",El mundo de ayer,https://www.latercera.com//opinion/noticia/el-mundo-de-ayer/PLKLWFOLFJAOPH6JNOSMZYLG4U/,latercera,www.latercera.com,2.0,8.0
95b1c2a597bdeecc6d7dcd71a5986e80,"Pedro Rakos, que vivió largo tiempo en Venezuela, cuenta que cuando comenzó la cuarentena, las ventas bajaron de forma considerable. “Pero luego los clientes comenzaron a contactarnos por Whatsapp e Instagram ¡y nos comenzaron a comprar como nunca antes a través de las redes sociales!”, dice. Altoque Records, que se especializa en música latina, está despachando a todo Chile y los envíos en Santiago son gratis. Aquí puedes encontrar Unicornio, de Silvio Rodríguez; Entre el cielo y el suelo, de Mecano; 16 Grandes Éxitos Eternos de Raphael y Hey Jude, de The Beatles.",Guía para conseguir vinilos en tiempos de pandemia ,https://www.latercera.com//culto/2020/07/12/guia-para-conseguir-vinilos-en-tiempos-de-pandemia/,latercera,www.latercera.com,5.0,53.0
400c1ab065e78c86703a4e5a2ec676f0,"Finalmente este lunes Ford le quitó el velo al esperado Bronco de sexta generación, su todoterreno más visceral que, tras debutar a mediados del 60 había dejado de producirse en 1996. El regreso del Ford Bronco está encarnado en un modelo grande, siguiendo la línea del precursor del 66, que estará disponible en dos carrocerías -de cuatro y dos puertas- y dos motorizaciones; y un Bronco más pequeño, llamado Bronco Sport, que debuta en un único cuerpo de cuatro puertas y que también ofrece dos mecánicas en el catálogo. Como es requisito para llevar el nombre Bronco, ambos tendrán tracción 4x4 de serie.",Fin de anuncios y adelantos: el Ford Bronco 2021 ya está aquí,https://www.latercera.com//mtonline/noticia/fin-de-anuncios-y-adelantos-el-ford-bronco-2021-ya-esta-aqui/MEA4BSTNXNEV3MEVKSTQH2T4YY/,latercera,www.latercera.com,6.0,53.0
f8765f1437f5613945130b2ffaaee384,"Ayer, el ministro de la Segpres, Claudio Alvarado, expuso en la comisión de Gobierno Interior de la Cámara sobre el mensaje ingresado por el Ejecutivo -en marzo de este año- que busca adecuar el padrón electoral y que las publicaciones y notificaciones del Servicio Electoral, en procesos eleccionarios, sean solo de forma electrónica.",Sin voto postal ni anticipado pero que se realice en dos días: La propuesta del Servel para un “plebiscito seguro”,https://www.latercera.com//la-tercera-pm/noticia/sin-voto-postal-ni-anticipado-pero-que-se-realice-en-dos-dias-la-propuesta-del-servel-para-un-plebiscito-seguro/W2OJMLKVW5E3JCZGAZWRHKSTQU/,latercera,www.latercera.com,10.0,27.0
b4fb2aad7586fedfa5582a52c31ceace,"Cuando a Alain Bertaud, urbanista de origen francés que actualmente reside en Nueva York, le dicen que las ciudades están por desaparecer producto de la pandemia, el simplemente se dedica a contestar a través de su experiencia.",“El teletrabajo puede generar una mayor brecha digital que la que tenemos hoy”,https://www.latercera.com//laboratoriodecontenidos/noticia/el-teletrabajo-puede-generar-una-mayor-brecha-digital-que-la-que-tenemos-hoy/AXDBVHASY5DPDP2IOUJENPULY4/,latercera,www.latercera.com,7.0,19.0
edafd5d2bf3f33c6eb66920ba02c10fe,"El anuncio gubernamental de permitir el retorno a los entrenamientos de los clubes de fútbol que residen en zonas en cuarentena, un beneficio que también se extiende a los deportistas olímpicos, añade una certeza más a la posibilidad de que el fútbol chileno vuelva a la competencia. O, al menos, permite ver el retorno como una realidad más próxima. El 8 de junio, el Consejo de Presidentes aprobó la fecha para el retorno del fútbol. Ese día, la ANFP comunicó que los torneos se reanudarían el 31 de julio, aunque con una condición relevante. “Esta fecha está absolutamente sujeta a la obtención de la autorización por parte de la autoridad sanitaria”, precisaba. El plazo se correrá una o dos semanas, al menos.",¿Cuándo es el pitazo inicial en el fútbol chileno? Las fechas y obligaciones que siguen al retorno a los entrenamientos,https://www.latercera.com//la-tercera-pm/noticia/cuando-es-el-pitazo-inicial-en-el-futbol-chileno-las-fechas-y-obligaciones-que-siguen-al-retorno-a-los-entrenamientos/CZZVR55H3FD5ZHE4MDUQ6NKDQA/,latercera,www.latercera.com,9.0,57.0
6ebd64ca07536dd4d4e68595f70e3600,"El Sistema de Registro, Alerta y Vigilancia de Enfermedades de Notificación Obligatoria, conocido como Epivigila, no consideró el 8 de junio todos los casos de Covid confirmados por los laboratorios que hacen el examen PCR.",Contraloría instruye sumario tras detectar “inconsistencias” en cifras de contagios de Covid-19 proporcionadas por sistema Epivigila,https://www.latercera.com//nacional/noticia/contraloria-instruye-sumario-tras-detectar-inconsistencias-en-cifras-de-contagios-de-covid-19-proporcionadas-por-sistema-epivigila/XVD36ECHRJF7RIQ4ZOWSRM3HLE/,latercera,www.latercera.com,11.0,18.0
068b124f583161c4b20f1199c77b709e,"Nada menos que 1.348 caballos son protagonistas en el último desafío planteado por Hennessey Performance, que puso a correr a un Jeep Grand Cherokee Trackhawk (debutó en Chile en mayo) contra un Lamborghini Urus. El preparador estadounidense, que seguramente está planeando algo aún más brutal, dice que ambos modelos -el estadounidense y el italiano- corresponden a las versiones de serie (aunque solo por ahora).",Uno solo gana: el Lamborghini Urus se bate a duelo con el Jeep Grand Cherokee Trackhawk,https://www.latercera.com//mtonline/noticia/uno-solo-gana-el-lamborghini-urus-se-bate-a-duelo-con-el-jeep-grand-cherokee-trackhawk/3ID7FB4GBZE3NOFXNWCGSTEF7Y/,latercera,www.latercera.com,10.0,35.0
05b4ef03e13e82d69e10ca599bedd967,"Los reguladores colocaron números al proyecto que permite el retiro del 10% de los fondos de pensiones que se discute en la Cámara de Diputados y, al mismo tiempo, desglosaron los efectos que una medida de esta magnitud puede tener sobre el mercado de capitales y las mismas pensiones.","Retiro de fondos: monto promedio sería de $1,3 millones y solo el 7% podría sacar el tope",https://www.latercera.com//pulso/noticia/retiro-de-fondos-monto-promedio-seria-de-13-millones-y-solo-el-7-podria-sacar-el-tope/EJBWAF2U3FA2JKNZFAKF42EPAA/,latercera,www.latercera.com,9.0,23.0
bca5ba2cb8d470a2f79e553efe98bcd0,"Freddie Mercury no solo es sinónimo de un amplio rango vocal, un talento único para la composición y un desplante inigualable sobre el escenario. Es también considerado rupturista y un ícono de la comunidad homosexual, tras revelar públicamente su orientación sexual siendo una estrella en la escena musical de los 70 y 80. ","La eterna amistad de Freddie Mercury y Mary Austin: “Despierto o dormido, me sentaba todos los días junto a su cama”",https://www.latercera.com//culto/2020/07/13/la-eterna-amistad-de-freddie-mercury-y-mary-austin-despierto-o-dormido-me-sentaba-todos-los-dias-junto-a-su-cama/,latercera,www.latercera.com,12.0,27.0
6babb63fa2929623613613736bbe321a,"El presidente brasileño Jair Bolsonaro, en cuarentena desde hace casi una semana tras dar positivo por coronavirus, anunció este lunes que se realizará un nuevo examen mañana martes y confesó que esperará ansioso los resultados porque no soporta quedarse en casa.","Bolsonaro y su cuarentena por coronavirus: “No aguanto esta rutina de quedarme en casa, es horrible”",https://www.latercera.com//mundo/noticia/bolsonaro-y-su-cuarentena-por-coronavirus-no-aguanto-esta-rutina-de-quedarme-en-casa-es-horrible/YAKRUOKYVJEOZNGCCBMDHXTNBM/,latercera,www.latercera.com,8.0,26.0
7ecfa705d336a0f9e41cea0140a9041f,"El subsecretario de Redes Asistenciales, Arturo Zúñiga, se refirió esta noche al sumario instruido por Contraloría que detectó “inconsistencias” en las cifras de contagiados proporcionadas por el sistema Epivigila, el que no consideró el 8 de junio pasado todos los casos de Covid confirmados por los laboratorios que hacen el examen PCR.",Subsecretario Zúñiga y sumario de Contraloría: “Los casos faltantes se sumaron el 16 de junio”,https://www.latercera.com//nacional/noticia/subsecretario-zuniga-y-sumario-de-contraloria-los-casos-faltantes-se-sumaron-el-16-de-junio/FORUVR2AXFADJKV56NLQGO2ESU/,latercera,www.latercera.com,8.0,27.0
bef4dd4dc9d517f3d16d4e3a40ceafe6,"Una segunda ola de nuevo coronavirus este invierno podría causar hasta 120.000 muertos en los hospitales del Reino Unido en el peor escenario “razonable” sin preparación adecuada, según un estudio de la Academia de Ciencias Médicas.",Científicos estiman que una segunda ola de Covid-19 podría causar 120.000 muertos en Reino Unido ,https://www.latercera.com//mundo/noticia/cientificos-dicen-que-una-segunda-ola-de-covid-19-podria-causar-120000-muertos-en-reino-unido/LCJR4T2QGBGZXCDNICGSFIOUFI/,latercera,www.latercera.com,9.0,21.0
069a07263f0c1c20a464f5134ed77af1,"El gobierno de Bolivia comenzará a negociar la intervención de hospitales y cementerios privados ante el riesgo de colapso de los servicios públicos sanitarios y mortuorios por la pandemia, anunció este lunes el ministro de Gobierno (Interior), Arturo Murillo.",Bolivia anuncia intervención en clínicas y cementerios privados en medio de la crisis del coronavirus ,https://www.latercera.com//mundo/noticia/bolivia-anuncia-intervencion-en-clinicas-y-cementerios-privados-en-medio-de-la-crisis-del-coronavirus/2SS46YVQWBDELABUHGPTC6M5BA/,latercera,www.latercera.com,9.0,22.0
a78321b9bb4df4f34f78216642e84b71,"Hace pocos días te contamos de una tecnología que Toyota introdujo en Japón para evitar las aceleraciones por error en vehículos automáticos, lo que diariamente ocasiona accidentes con diferentes resultados alrededor del mundo. En redes sociales algunos usuarios comentaron que esta equivocación podría evitarse simplemente administrando los pedales con ambos pies. ¿Es realmente así? ¿Los autos automáticos se conducen con uno o con dos pies?",¿Con uno o los dos pies? Cómo se conduce un vehículo automático,https://www.latercera.com//mtonline/noticia/con-uno-o-los-dos-pies-como-se-conduce-un-vehiculo-automatico/VU7GKTCR4RDDPAUXFMDANVEN5E/,latercera,www.latercera.com,6.0,39.0
67355a6da90ffd97ee82a65dce198afe,FUNGI FEST,Micelio,https://www.latercera.com//masdeco/micelio/,latercera,www.latercera.com,1.0,2.0
49cd4998bb61166921c274a1b1f2994e,Buenas noticias para todos los fanáticos de Star Wars y es que durante la jornada de hoy fue anunciada una nueva serie animada la cual tendrá por nombre Star Wars: The Bad Batch y se estrenará en 2021 a través de Disney+. ,‘The Bad Batch’: La nueva serie animada de Star Wars que se estrenará en 2021,https://www.latercera.com//mouse/the-bad-batch-la-nueva-serie-animada-de-star-wars-que-se-estrenara-en-2021/,latercera,www.latercera.com,9.0,19.0
52b901c631c93c55c4ef9e72e9f04297,Ingredientes para 24 unidades,Galletas cocadas,https://www.latercera.com//paula/galletas-cocadas/,latercera,www.latercera.com,2.0,2.0
bb8a1cd0fa430db7d7d67b6fd30f3fff,Este lunes se realizó la presentación oficial de Manuel Pellegrini como nuevo técnico del Real Betis por las próximas tres temporadas.,Pellegrini es presentado en el Real Betis: “Volver a España después de 10 años es un placer”,https://www.latercera.com//el-deportivo/noticia/pellegrini-es-presentado-en-el-real-betis-volver-a-espana-despues-de-10-anos-es-un-placer/ECTUFSOCUNCQDHFIPTCC24J5OA/,latercera,www.latercera.com,9.0,13.0
9d3722ab5dda1de2b65c5f10b3b6d60d,"La pandemia ha provocado resignificar espacios, tareas y roles. Uno de ellos, quizá el más prioritario, es la maternidad y paternidad, una tremenda responsabilidad en momentos de caos, y un gran desafío cuando reina la incertidumbre.",Guía para el uso infantil de tablets y pantallas,https://www.latercera.com//practico/noticia/guia-para-el-uso-infantil-de-tablets-y-pantallas/AYUK6PIVAND4DPP74U4FK74NDY/,latercera,www.latercera.com,5.0,18.0
4581ba31a0b7a948a30d2470ce7017bb,"A medida que las cifras de la pandemia disminuyen en Chile, ya se comienza a hablar de levantar la cuarentena. La larga “hibernación nacional” estaría llegando a su fin. ","Cines, peluquerías, estadios, iglesias: estos son los lugares más peligrosos de la ciudad tras la cuarentena",https://www.latercera.com//que-pasa/noticia/cines-peluquerias-estadios-iglesias-estos-son-los-lugares-mas-peligrosos-de-la-ciudad-tras-la-cuarentena/Y3E22V2V6ZDVJDD5KDB5EJ7PDQ/,latercera,www.latercera.com,9.0,14.0
7f085914feea4d877fefa6a52dcaf089,"En enero de 1989 la comedia The experts no marcó un impulso crucial en la filmografía de Kelly Preston, por entonces una veinteañera actriz que un mes antes había estrenado su rol de mayor relevancia, en Gemelos junto a Danny DeVito y Arnold Schwarzenegger. Tampoco energizó particularmente la de John Travolta, inmerso en un momento gris de su carrera luego de los éxitos de fines de los 70, Grease y Fiebre de sábado por la noche.",Kelly Preston: la turbulenta vida de la actriz junto a John Travolta,https://www.latercera.com//la-tercera-pm/noticia/kelly-preston-la-turbulenta-vida-de-la-actriz-junto-a-john-travolta/VB7I7WCMGBCSPCVRNNU2EADYEU/,latercera,www.latercera.com,8.0,40.0
b8926278459a76afea60e90592a08bc9,"Falsos ejecutivos de cuentas bancarias que llaman por teléfono y compras por internet que no llegan a destino. Esas son las principales estafas que se incrementaron el primer semestre de este año, en comparación al mismo periodo de 2019. Un alza que la policía observa con atención, pues ocurre en el marco de la pandemia por coronavirus y en que la forma de interactuar de las personas ha experimentado una serie de cambios.",Fraudes en pandemia: suben estafas telefónicas y en redes sociales,https://www.latercera.com//nacional/noticia/fraudes-en-pandemia-suben-estafas-telefonicas-y-en-redes-sociales/I2FWLFGTJFHUNJFZAFNPG6RNIM/,latercera,www.latercera.com,7.0,34.0
fcaf583932ebc3d24989463ba7896bee,"“El Ministerio de Relaciones Exteriores comunica que la ministra Karen Longaric dio positivo a los análisis de Covid-19. Con características asintomáticas, la canciller permanece en aislamiento en su domicilio y cumplirá con el tratamiento correspondiente”. Este comunicado fue el último que en los últimos días ha sorprendido a los bolivianos, cuyo gobierno interino ha sido uno de los más golpeados por la pandemia a nivel global. Así, la canciller se sumó a la lista de al menos 13 contagiados, encabezada por la propia Presidenta interina, Jeanine Áñez.",Bolivia: el gabinete más golpeado por la pandemia,https://www.latercera.com//mundo/noticia/bolivia-el-gabinete-mas-golpeado-por-la-pandemia/MW5ADIKI4VAJVHKRZVF55ZL3RU/,latercera,www.latercera.com,4.0,45.0
69d0d24b68bb4d86c31ed9357aab8280,"Cerca de las 17:00 horas de este domingo, personal de la 47° Comisaría de Los Dominicos de Carabineros realizó el hallazgo de dos personas fallecidas al interior de su domicilio en la comuna de Las Condes, al oriente de la Región Metropolitana.",Carabineros encuentra a dos adultos mayores fallecidos al interior de su hogar en Las Condes,https://www.latercera.com//nacional/noticia/carabineros-encuentra-a-dos-adultos-mayores-fallecidos-al-interior-de-su-hogar-en-las-condes/H5OHXMD57NEALE7MTVVITDZU7M/,latercera,www.latercera.com,9.0,19.0
9cf13f1e8174e3518170ad98857ccf1b,"Este lunes un total de 17 estados de Estados Unidos y el Distrito de Columbia presentaron una demanda contra la administración de Donald Trump por el anunció de la eventual suspensión de visas de estudiantes extranjeros que se encuentren estudiando en universidades del país que hayan suspendido todas sus clases presenciales y estén en modalidad virtual, según informó The New York Times.",Demandan a Trump por suspensión de visas para estudiantes extranjeros que tengan solo clases online,https://www.latercera.com//mundo/noticia/demandan-a-trump-por-suspension-de-visas-para-estudiantes-extranjeros-que-tengan-solo-clases-online/M7VZSOK33JBKRIKANNH7PXP6AA/,latercera,www.latercera.com,9.0,32.0
3e2a612f2baab9e3f07f166eba010d40,"Uno de los impactos más devastadores de la pandemia es en el trabajo. Por primera vez en una década el desempleo superó los dos dígitos (11,2%) y uno de los sectores más damnificados son los mayores de 60 años: por cada 100 empleos perdidos, 19 son de ese grupo. Así lo concluye un estudio del Observatorio del Envejecimiento de la U. Católica-Confuturo.",Casi 400 mil mayores de 60 años perdieron su empleo por la pandemia,https://www.latercera.com//que-pasa/noticia/casi-400-mil-mayores-de-60-anos-perdieron-su-empleo-por-la-pandemia/52L46UYPFNCAZD7QU5IRQUPXOI/,latercera,www.latercera.com,7.0,24.0
772eb0c8624debff740239d5d61ef054,"La pérdida y el desperdicio de alimentos es un problema serio: alrededor de un tercio de los alimentos que se producen en el mundo a diario se pierden o desperdician, lo que representa cerca de 1.300 millones de toneladas anuales, según precisa la Organización de las Naciones Unidas para la Alimentación y la Agricultura (FAO). A diferencia de las pérdidas –que ocurren, por ejemplo, cuando se envasa mal un alimento y por ello queda en mal estado– los desperdicios ocurren en las fases de distribución y consumo de la cadena alimentaria, cuando botamos una parte de un alimento que creemos que no tiene utilidad o cuando conservamos por mucho tiempo alimentos hasta que se descomponen. El problema es que los desperdicios no solo tienen un costo monetario, también hay uno ambiental que, de hecho, representa el 8% de las emisiones de gases de efecto invernadero generadas por el hombre.",Ideas para evitar el desperdicio de alimentos en casa,https://www.latercera.com//paula/ideas-para-evitar-el-desperdicio-de-alimentos-en-casa/,latercera,www.latercera.com,5.0,66.0
d8b2f9dc7b2deac5d1a7b16c89e724f3,"El conflicto entre los poderes, en especial entre el Ejecutivo y Legislativo, ha marcado el debate en las últimas semanas por mociones inconstitucionales y la respuesta del gobierno a éstas. ¿Está en crisis el régimen político actual? Para algunos el presidencialismo (o hiperpresidencialismo según a quien se pregunte) no da para más por lo que es urgente estudiar reformas. Para otros se trata de una oportunidad de retomar el diálogo entre los poderes. En Re:Constitución consultamos a las cientistas políticas Gloria de la Fuente (Chile 21) y Julieta Suárez-Cao (Universidad Católica), a la abogada constitucionalista Constanza Hube y Magdalena Ortega, abogada y directora de Formación y Servicio Público de Idea País, cómo ven este conflicto y de qué manera podría influir en el debate por una nueva Constitución.",El régimen político bajo análisis: El debate que desató las diferencias entre el gobierno y el Congreso,https://www.latercera.com//reconstitucion/noticia/el-regimen-politico-bajo-analisis-el-debate-que-desato-las-diferencias-entre-el-gobierno-y-el-congreso/DDBBWQEBDRFCHJ6HB63MMOU2H4/,latercera,www.latercera.com,9.0,63.0
c883e2454c5347ca81e47c7dfce4b5ae,"Bajo estrictos protocolos de seguridad, y con la ayuda de personal de las Fuerzas Armadas y Carabineros, durante la noche se trasladan en camiones las cajas de alimentos que deben ser distribuidas a nivel nacional en el marco del programa Alimentos Para Chile que el presidente Sebastián Piñera lanzó el 18 de mayo. La meta original era entregar 2.5 millones de canastas; ahora el Ejecutivo espera distribuir 3 millones de cajas.",Mayorista de ferias de barrio desplaza a Scuncio como principal proveedor de cajas de alimento en pandemia,https://www.latercera.com//la-tercera-pm/noticia/sudamericana-spa-desplaza-a-scuncio-como-principal-principal-proveedor-de-cajas-de-alimentos/UEKVV3C6GNFR7NLQFMCANPUGKQ/,latercera,www.latercera.com,10.0,39.0
b6c7639ca7ca2ab5810f23c907e8d69a,Expertos en salud pública y autoridades de gobierno dicen estar preocupados por el rol que están teniendo los bares y restaurantes en el aumento de los casos de Covid-19 en distintas zonas de Estados Unidos.,Qué hace que bares y restaurantes sean potenciales focos de transmisión del Covid-19,https://www.latercera.com//que-pasa/noticia/que-hace-que-bares-y-restaurantes-sean-potenciales-focos-de-transmision-del-covid-19/5HCMD3FQEVHW5LEGBBJZPKAU4A/,latercera,www.latercera.com,6.0,15.0
1605f0a240d894f7699b9a7f63e20da5,Uno de los primeros trabajos del director James Gunn (Los Guardianes de la Galaxia) fue escribir el guión de la película live-action de Scooby-Doo. Por eso no sorprende que sea consultado sobre la clásica serie animada de forma recurrente.,Velma de Scooby-Doo era homosexual tanto en la película live-action como en la serie animada de 2010,https://www.latercera.com//mouse/velma-de-scooby-doo-era-homosexual-tanto-en-la-pelicula-live-action-como-en-la-serie-animada-de-2010/,latercera,www.latercera.com,5.0,17.0
7f52351a9b81f84f84b4bcd654037ea7,"En medio del severo impacto de la crisis del coronavirus enla actividad económica y el mercado laboral, las condiciones en el otorgamiento de crédito a los hogares se volvieron más restrictivas en el segundo trimestre.",Bancos elevan restricciones para el otorgamiento de créditos hipotecarios y demanda se debilita,https://www.latercera.com//pulso/noticia/bancos-reportan-mayores-restricciones-para-el-otorgamiento-de-creditos-hipotecarios/HLBFVNLJCRGXBPYRNEQBXPQMO4/,latercera,www.latercera.com,8.0,18.0
d6e76c38cd0a8965b038fbe62caabc99,"Para muchos, la irrupción del coronavirus se ha convertido en un verdadero dolor de cabeza, una crisis que trasciende más allá de los límites sanitarios.",¿Cómo deben cambiar las ciudades después de la pandemia?,https://www.latercera.com//laboratoriodecontenidos/noticia/como-deben-cambiar-las-ciudades-despues-de-la-pandemia/VSCBSW3ZWVA4XOBNBLHWKQI62U/,latercera,www.latercera.com,5.0,11.0
748295b3af2374a2e25409137cb6c51a,"El bendito disco duro. Originalmente, una pieza electromecánica fundamental en un dispositivo electrónico, capaz de guardar, leer y recuperar información. La mal llamada “memoria” del computador, que en verdad se refiere al almacenamiento de datos, siempre es un ítem crítico. Ya sea sobre un computador, una tablet o un celular, una de las primeras cosas que siempre se preguntan, acaso después de la duración de la batería, es cuánta “memoria” (almacenamiento, en rigor) posee el aparato. Es decir, cuántas fotos, videos o canciones podemos guardar en él. ",Qué es un disco duro sólido y por qué deberías pensar en ponerle uno a tu PC,https://www.latercera.com//practico/noticia/que-es-un-disco-duro-solido-y-por-que-deberias-pensar-en-ponerle-uno-a-tu-pc/FWUF6WY3ZVHGRMOBVY24KGYGTQ/,latercera,www.latercera.com,7.0,49.0
8d1bf496ec91520432f435082e22b981,"Una lenta vuelta a las actividades se vivió este lunes en las regiones de Los Ríos y Aysén, las primeras en iniciar una desescalada en medio de la pandemia del coronavirus. La tónica fue similar en ambas zonas: pocos restaurantes y cafés abiertos, y un incipiente interés de la población por comenzar a hacer actividades deportivas tras el confinamiento que se prolongaba por semanas.",Los Ríos y Aysén: lenta actividad en primer día de desconfinamiento,https://www.latercera.com//nacional/noticia/los-rios-y-aysen-lenta-actividad-en-primer-dia-de-desconfinamiento/WYWO7FTJFBDIHKWDHGEI7DRFYA/,latercera,www.latercera.com,7.0,33.0
0d0af16a11a456eab158d9735dce0e51,"El mundo no recuperará la “vieja normalidad en un futuro previsible”, advirtió este lunes la Organización Mundial de la Salud (OMS), al día siguiente de reportar un record de 230.000 nuevos contagios de covid-19 en una jornada.","OMS afirma que “no habrá un regreso a la normalidad en un futuro previsible”, y “muchos países van en mala dirección”",https://www.latercera.com//que-pasa/noticia/oms-afirma-que-no-habra-un-regreso-a-la-normalidad-en-un-futuro-previsible-y-muchos-paises-van-en-mala-direccion/FKGQGZA3UVFEPPSP4ARXZDKQ3I/,latercera,www.latercera.com,10.0,19.0
9c974599d6ce3db534da4229bc471f9b,"El Presidente de Brasil, Jair Bolsonaro, fue captado afuera del Palacio de la Alvorada, residencial presidencial en Brasilia, tomando sol junto a miembros de su equipo de seguridad, pese a haber informado hace casi una semana que dio positivo en el test de Covid-19.  ",Bolsonaro es visto afuera de la residencia presidencial tras haber dado positivo en examen de coronavirus,https://www.latercera.com//mundo/noticia/bolsonaro-es-visto-afuera-de-la-residencia-presidencial-tras-haber-dado-positivo-en-examen-de-coronavirus/X7TXTRUG2RGV5EPD6SEQ5Y4ILY/,latercera,www.latercera.com,11.0,26.0
d19fa6b7b5794c53455f6337767976ee,"Afeitarse seguramente bajó, junto al planchado y el lustrado de zapatos, a lugares menos primordiales en la lista de preocupaciones durante la cuarentena. Para los que teletrabajan, dejarse la barba un par de días, y no sentirse culpables por eso, puede resultar un alivio contra el estrés que significa enfrentarse a los puntiagudos pelos cada mañana.",Cómo elegir una afeitadora eléctrica según barberos ,https://www.latercera.com//practico/noticia/como-elegir-una-afeitadora-electrica-segun-barberos/26CJTSNLZ5HQNEYOELEXT3PN7Y/,latercera,www.latercera.com,6.0,30.0
b5e730da3b0531a28277308b604a8e8c,La computación en la nube -o Cloud Computing- es un término del cual ya hemos oído hablar bastante durante ya más de una década. El desarrollo de mejores y más veloces conexiones a Internet han permitido que la red global sea no solo un gran depósito de datos sino que también de poder prestar servicios en tiempo real en cualquier parte del mundo.,Los diferentes tipos de nubes para almacenar tu información en Internet,https://www.latercera.com//laboratoriodecontenidos/noticia/los-diferentes-tipos-de-nubes-para-almacenar-tu-informacion-en-internet/RLI7J5XKZRG2PCB6RXY6RN3VXI/,latercera,www.latercera.com,6.0,29.0
c6b1a4faf5933940c53106fbacaff268,"Revertir el escenario en la Cámara. Esa es la apuesta de La Moneda y del propio Presidente Sebastián Piñera respecto del proyecto que permite el retiro del 10% del fondo de pensiones, que se vota nuevamente en sala -esta vez en particular- este miércoles.",Los 13 de Chile Vamos: Cómo votarán el miércoles los diputados que golpearon al gobierno con el retiro de fondos de AFP,https://www.latercera.com//la-tercera-pm/noticia/los-13-de-chile-vamos-como-piensan-votar-el-miercoles-los-diputados-que-golpearon-al-gobierno-con-el-retiro-de-fondos-de-afp/5LVC6IJJOBELJIZCE7CIHNDOYA/,latercera,www.latercera.com,11.0,20.0
a04a6ec0917f0ebf5e6e26d85444d540,"Tras dos años de lucha contra un cáncer mamario, la actriz Kelly Preston, quien era esposa del también actor John Travolta, falleció a los 57 años producto de la mencionada enfermadad.","A los 57 años muere Kelly Preston, esposa de John Travolta",https://www.latercera.com//culto/2020/07/13/a-los-57-anos-muere-kelly-preston-esposa-de-john-travolta/,latercera,www.latercera.com,7.0,18.0
a046029d701dd21ebaf9f17973f54512,"La pregunta que dio origen al juego de cartas Queeng es una que probablemente miles de niñas le han hecho a sus padres cuando aprenden a usar naipes por primera vez: ¿por qué la reina vale menos que el rey? La diferencia es que Maayan Segal, una adolescente israelí quien por ese entonces tenía solo 13 años, no pudo dejar ir esta inquietud que la asaltó en medio de unas vacaciones cuando se disponía a jugar cartas con su familia. “Cuando le pregunté a mi papá por qué la reina valía menos, no pudo darme una buena respuesta, porque la verdad es que no existe una. Todos los géneros son igualmente valorables”, explica Maayan, actualmente una adolescente de 16 años en el pitch de la campaña de Indiegogo a través de la cual busca financiamiento para lanzar al mercado su propia versión del tradicional juego de naipes. Una en la que no solo la reina y el rey tienen valores equivalentes, sino que, además, existe una princesa como contrapartida al Jack, una versión femenina del Jocker y que, en su segunda edición, contará también con personajes étnicamente diversos.","Mayaan Segal, la adolescente que está cambiando las reglas del juego una carta a la vez",https://www.latercera.com//paula/mayaan-segal-la-adolescente-israeli-que-esta-cambiando-las-reglas-del-juego-una-carta-a-la-vez/,latercera,www.latercera.com,8.0,92.0
2def5c83182da58f94f28cf11cd4e7f9,"Mary Trump puede hablar acerca del libro altamente crítico que escribió sobre su tío, el presidente Donald Trump, a pesar de las objeciones del hermano del mandatario, falló un juez este lunes al suspender una orden que le impedía promocionar o distribuir su trabajo.",Justicia sentencia que Mary Trump sí puede promocionar polémico libro sobre su tío,https://www.latercera.com//mundo/noticia/justicia-sentencia-que-mary-trump-si-puede-promocionar-polemico-libro-sobre-su-tio/H3P4VWWAFJH6ZPDDG2QOO23R4Q/,latercera,www.latercera.com,9.0,26.0
df9fe609322b3757e1ce75706437983b,"Cuatro mil cuatrocientos veinticinco millones de pesos ($4.425.000.000). Eso fue lo que pagó el Fisco a los 226.473 vocales de mesa que participaron en las elecciones de la primera vuelta presidencial, parlamentarias y cores de fines del 2017, según la memoria 2018 de la Tesorería General de la República (el dato, en la página 35). El monto es una mera referencia de lo que podría implicar el desembolso estatal extra para que el referéndum constituyente del 25 de octubre se haga en dos días, con tal de disminuir el peligro de contagios, pero al mismo tiempo que la participación no caiga a niveles peligrosos dado el marco político social.",Servel apura mesa técnica con el gobierno para implementar “plebiscito seguro”: implicará más gasto fiscal y reformas legales,https://www.latercera.com//la-tercera-pm/noticia/servel-apura-mesa-tecnica-con-el-gobierno-para-implementar-plebiscito-seguro-implicara-mas-gasto-fiscal-y-reformas-legales/KFTM2PNADJD5HLFM26SZTHCWEM/,latercera,www.latercera.com,13.0,53.0
822577ae6f031e0579996884b24482cd,[Ve el video completo de esta entrevista en nuestro sitio Conversaciones LT],Conversaciones LT: Fernando Atria y Gonzalo Cordero sobre la ruta constitucional,https://www.latercera.com//reconstitucion/noticia/conversaciones-lt-fernando-atria-y-gonzalo-cordero-sobre-la-ruta-constitucional/MMPMO3WDMJDJHONBNX23PR7QGM/,latercera,www.latercera.com,8.0,7.0
2099fad545f3ad72c19b1407fb0df38b,"Con 13 votos a favor y 30 abstenciones de diputados de Chile Vamos, la sala de la Cámara de Diputados aprobó el miércoles pasado la idea de legislar del proyecto que permite a los cotizantes retirar hasta un 10% de sus fondos en AFP. El desmarque oficialista le propició una dura e histórica derrota al gobierno, quienes consideraban la iniciativa como “inconstitucional” y “regresiva”.",Las otras derrotas estratégicas de los últimos gobiernos de Piñera y Bachelet,https://www.latercera.com//la-tercera-pm/noticia/las-otras-derrotas-estrategicas-de-los-ultimos-gobiernos-de-pinera-y-bachelet/2FFVWZC3X5HCFJU5K34IZGCFQE/,latercera,www.latercera.com,6.0,31.0
a51a7a49ca961e8044ebbdafd15aaa6a,"Desde el inicio del brote de coronavirus en diciembre, por varias semanas los doctores en China se encontraron con un panorama conocido: el patógeno, primo genético del Sars (China, 2002) y Mers (Medio Oriente, 2012), también afectaba el sistema respiratorio con episodios leves hasta cuadros agudos severos, además de dolor de cabeza, fiebre y en algunos casos, diarrea. ",Más allá de los pulmones: Estudio revela los 35 efectos del coronavirus en el cuerpo humano ,https://www.latercera.com//que-pasa/noticia/mas-alla-de-los-pulmones-estudio-revela-los-35-efectos-del-coronavirus-en-el-cuerpo-humano/5J7ZWO6Z5FGVJM72SOP7IDE67M/,latercera,www.latercera.com,8.0,33.0
118890408d96e70650d2c77ad990fab5,"La pandemia Covid-19 nos ha enfrentado como sociedad a la valorización de la ciencia como fuente de información y, por sobre todo, como medio para encontrar un tratamiento efectivo o la tan anhelada “cura de la enfermedad”.",Dudas sobre las vacunas: ¿Una amenaza real tras la pandemia?,https://www.latercera.com//opinion/noticia/dudas-sobre-las-vacunas-una-amenaza-real-tras-la-pandemia/WZFD3CQLZJDRXGEQ7CG5R6UYO4/,latercera,www.latercera.com,6.0,15.0
02d5826d44bfed03868e0643c5eb0ed1,"¿Cómo pueden seguir su curso las producciones audiovisuales? La gran mayoría debió pausar y reformular su planificación de rodaje. La distancia social y el uso de mascarillas para prevenir contagiarse, son una barrera difícil de saltar al momento de gritar: luz, cámara, ¡acción!",Sebastián Lelio: “El desamparo del sector cultural en Chile es desolador”,https://www.latercera.com//culto/2020/07/13/sebastian-lelio-el-desamparo-del-sector-cultural-en-chile-es-desolador/,latercera,www.latercera.com,7.0,25.0
300a3a7cf94d5a9e5822dae10fde7efd,"Perú, un país orgulloso de su gastronomía, reabrirá los restaurantes el 20 de julio con atención máxima del 40% de su capacidad tras mantener los cuatro meses cerrados por la pandemia, según un decreto publicado este lunes.",Perú reabrirá restaurantes la próxima semana al 40% de capacidad,https://www.latercera.com//mundo/noticia/peru-reabrira-restaurantes-la-proxima-semana-al-40-de-capacidad/ME3AXCVMHVEXZE2BROPYDJKLCA/,latercera,www.latercera.com,6.0,20.0
44bfe9366e945336e7372ed99423f995,"Falta cada vez menos para las elecciones de la ANFP. Lorenzo Antillo y Pablo Milad competirán por el sillón de Quilín el 30 de julio. El primero en terminar su programa fue el presidente de Audax Italiano. Y lo da a conocer en La Tercera. Punto por punto, el candidato explica su plan estratégico.",La ANFP que propone Antillo,https://www.latercera.com//el-deportivo/noticia/la-anfp-que-propone-antillo/QO2POQSNYVBVNOA72T3MRBBOWA/,latercera,www.latercera.com,3.0,29.0
005d8bba1fceeae4847c28af887ba49d,"Por Carlos Correa, ingeniero civil industrial, MBA",El Mapu-Martínez de Piñera,https://www.latercera.com//opinion/noticia/el-mapu-martinez-de-pinera/XOGTP5LNEVDOLDAEM3AEQAKLZE/,latercera,www.latercera.com,1.0,6.0
08e1cc7b67f7b50c7149fcedf0640a6a,"Subtitulado Conversaciones con Jorge González 2005-2020, el nuevo libro del periodista Emiliano Aguayo —autor de Maldito sudaca (RIL, 2005) y Las voces de los 80 (RIL, 2014)— repasa la historia reciente del líder de Los Prisioneros, con el propio González como protagonista de una serie de entrevistas que detallan con especial énfasis los días posteriores al infarto isquémico cerebeloso que el músico sobrellevó en febrero de 2015.",Jorge González analiza el estallido social chileno en nuevo libro de conversaciones ,https://www.latercera.com//culto/2020/07/13/jorge-gonzalez-analiza-el-estallido-social-chileno-en-nuevo-libro-de-conversaciones/,latercera,www.latercera.com,9.0,35.0
3bee6c6ced54b2787bd1c30cb65d86bf,"Si hay una palabra que ha definido el 2020 en materia laboral es sin duda el teletrabajo. La situación producida por la pandemia del Covid-19, junto con las constantes cuarentenas sanitarias han obligado a muchas empresas a tomar medidas desde muy temprano para seguir funcionando con su plana de trabajadores en sus casas.",Covid-19 y teletrabajo: Acelerando la llegada de la empresa digital,https://www.latercera.com//laboratoriodecontenidos/noticia/covid-19-y-teletrabajo-acelerando-la-llegada-de-la-empresa-digital/HBEQ4ILI6RFZ5FKTTIBT24THRI/,latercera,www.latercera.com,5.0,25.0
6d8c1e48dbbee279f2e2611d586a0349,"Por Susana Sierra, directora ejecutiva BH-Compliance",Disfraz de esencial,https://www.latercera.com//opinion/noticia/disfraz-de-esencial/W4RXQB7B7RFVDDKYNNM54MI5FY/,latercera,www.latercera.com,2.0,4.0
b4fedf2f60e43a6b4dc60994a2e9dd94,"La fortaleza de Mehrangarh, situada en una colina sobre la ciudad de Jodhpur, en el estado de Rajastán, es uno de los fuertes más majestuosos de la arquitectura India. Allí recalaron en 2015 el músico inglés Jonny Greenwood y el compositor israelí Shye Ben Tzur, que se dedica a hacer música con sonidos indios, para dar forma a Junun, un disco doble que grabaron entre esas antiguas paredes acompañados por los músicos del Rajasthan Express.",Junun: el viaje a la India de Jonny Greenwood y Paul Thomas Anderson ,https://www.latercera.com//culto/2020/07/13/junun-el-viaje-a-la-india-de-jonny-greenwood-y-paul-thomas-anderson/,latercera,www.latercera.com,8.0,39.0
a02ba505c2753377688d9428b62b34fa,"Dos vacunas experimentales contra el coronavirus desarrolladas conjuntamente por la firma biotecnológica alemana BioNTech y el gigante farmacéutico estadounidense Pfizer recibieron la designación de “vía rápida” por la agencia reguladora de Estados Unidos, dijeron las firmas el lunes.",Urgencia extrema: prometedora vacuna de Pfizer obtiene estatus de “vía rápida” de la FDA para lograr crear 100 millones de dosis a fin de año,https://www.latercera.com//que-pasa/noticia/urgencia-extrema-prometedora-vacuna-de-pfizer-obtiene-estatus-de-via-rapida-de-la-fda-para-lograr-crear-100-millones-de-dosis-a-fin-de-ano/MV3TJZNITZAKTABA4XVYQ7HNRU/,latercera,www.latercera.com,16.0,24.0
4c9824f2fee79df163d4f4d4e246045c,"El Ministerio de Educación, junto a la Asociación Chilena de Municipalidades (Achm), la Asociación de Municipalidades de Chile (Amuch) y la Asociación de Municipios Rurales (Amur), llegaron a un acuerdo para autorizar “pausas pedagógicas” o recesos escolares en los colegios, luego de cuatro meses de actividades a distancia por la suspensión de clases presenciales.",Mineduc y alcaldes anuncian “pausa pedagógica” de los colegios para julio y septiembre,https://www.latercera.com//nacional/noticia/mineduc-y-alcaldes-anuncian-pausa-pedagogica-de-los-colegios-para-julio-y-septiembre/ULLGVDVQENCLPOH4BBP73XDV7A/,latercera,www.latercera.com,8.0,31.0
7bc20e81835902816ec97a4eb366e1ce,"Lundin Mining Corp. reducirá su fuerza laboral en Chile en momentos en que la pandemia de coronavirus se propaga en el principal país productor de cobre en el mundo, según supervisores de la mina.",Se intensifica reducción de actividades de mineras en Chile: Ahora Candelaria bajará en 7% su dotación laboral,https://www.latercera.com//pulso/noticia/aumenta-reduccion-de-actividades-de-mineras-en-chile-ahora-duena-de-candelaria-reduce-en-7-su-dotacion-laboral/6UAHSIYTZFGTTDMZ2FVHKHWXLM/,latercera,www.latercera.com,10.0,18.0
0634287d3f7b75b2a6e71d5e6f8413d6,"Conmoción ha causado en India la llegada del coronavirus a Bollywood, la meca del cine asiático. Tres generaciones de la familia Bachchan, considerada la “realeza” de la industria cinematográfica de Bombay, dieron positivo a Covid-19 justo en momentos en que el país experimenta un aumento récord en el número de contagios, que ya lo ubican en el tercer lugar mundial de casos.",Bollywood: contagio de actores impacta a India,https://www.latercera.com//mundo/noticia/bollywood-contagio-de-actores-impacta-a-india/3G2DAMMXK5C6DIFQYJM5LRCEMI/,latercera,www.latercera.com,5.0,33.0
488447bec7155a3c675fd144ca6eb66d,"Después de cuatro meses, 18 clubes profesionales del fútbol chileno fueron autorizados a volver los entrenamientos a partir de este jueves. Dentro de esos clubes, se encuentra Colo Colo, uno de los que más ha sentido los efectos de la cuarentena. Desde el 23 de abril, Blanco y Negro y los jugadores no tienen relación laboral, siendo el plantel acogido a la Ley de Protección al Empleo, que implica que los sueldos salgan del Seguro de Cesantía (70% el primer mes; 55%, el segundo y 45%, el tercero).",El plantel de Colo Colo se alista para salir de la AFC y volver a entrenar,https://www.latercera.com//el-deportivo/noticia/el-plantel-de-colo-colo-se-alista-para-salir-de-la-afc-y-volver-a-entrenar/L4WAG7K235GTFN5OXNUILBOTRU/,latercera,www.latercera.com,8.0,40.0
ca0b25e3ad119891a8438eefae173286,"“Me han hecho ver la crítica de que esto no se puede comparar con las eléctricas, y está bien, lo reconozco”. Esas fueron las palabras del ministro de Salud, Enrique Paris, el pasado 25 de junio, al ser consultado sobre las declaraciones que había dado el día anterior respecto a su idea de limitar las ganancias de las Isapres.",A un mes de la llegada de Enrique Paris: los aciertos y “tropezones” que miran en el oficialismo,https://www.latercera.com//la-tercera-pm/noticia/a-un-mes-de-la-llegada-de-enrique-paris-los-aciertos-y-tropezones-que-miran-en-el-oficialismo/EB7G77J4J5FPLMOCQKOSP66VX4/,latercera,www.latercera.com,8.0,26.0
3bafb8962e62d26cb17091430e7e6f49,"Argentina superó este lunes los 100.000 casos de Covid-19, en medio del confinamiento del área metropolitana de Buenos Aires, foco del 95% de los contagios de todo el país, informó el Ministerio de Salud.",Argentina supera los 100.000 casos de contagiados de Covid-19,https://www.latercera.com//mundo/noticia/argentina-supera-los-100000-casos-de-contagiados-de-covid-19/DRH5ZHT3ZBD7DBMMV32BNGCQ3Y/,latercera,www.latercera.com,4.0,16.0
a489e0bfdc688aaf055054f4f18c442f,"Muy lejos está de terminar la discusión sobre el retiro anticipado de los fondos previsionales aprobado en la Cámara de Diputados, más aún si la iniciativa que causó un verdadero terremoto político y entre los expertos, tendrá mañana otra importante jornada en el parlamento.",Economistas creen que es mejor la propuesta del gobierno que retirar fondos de AFP y muestran preocupación por el avance de medidas populistas,https://www.latercera.com//pulso/noticia/economistas-reiteran-que-retiro-de-fondos-no-es-el-mejor-mecanismo-de-ayuda-a-las-familias-y-muestran-preocupacion-por-el-avance-de-medidas-populistas/KRKVE7QUOJA27KLINDSFUU7YJM/,latercera,www.latercera.com,13.0,22.0
efffe2391bad590caabea5dffd523653,"""Nada de política contingente"". ","Mario Fernández, exministro del Interior: “Si la Constitución fuese clara en todos los aspectos, no tendríamos este debate de la inconstitucionalidad”",https://www.latercera.com//reconstitucion/noticia/mario-fernandez-exministro-del-interior-si-la-constitucion-fuese-clara-en-todos-los-aspectos-no-tendriamos-este-debate-de-la-inconstitucionalidad/KCSPPJHF4FAPBEO56RNQKEHO7I/,latercera,www.latercera.com,10.0,2.0
fe0e3be0cb7bdb73104143e9c11530ee,SEÑOR DIRECTOR,Reforma a las AFP,https://www.latercera.com//opinion/noticia/reforma-a-las-afp/Y32FC5LTIZB3HA6JKYRECLCLLM/,latercera,www.latercera.com,2.0,2.0
e5812ec67596328fbcb09c7766ed53b6,"Una práctica de cheerleaders que culmina en los gritos de la entrenadora Sue Sylvester a través de un megáfono, da inicio a la serie sobre un grupo de estudiantes de McKinley High que, siguiendo la iniciativa del profesor de español -Will Schuster- participan de un coro que interpreta diversos temas pop. Un escape artísticos a los conflictos propios de la edad que los unirá como una suerte de grupo de apoyo.","El trágico historial de Glee: adicciones, suicidios y un accidente inexplicable",https://www.latercera.com//culto/2020/07/13/el-tragico-historial-de-glee-adicciones-suicidios-y-un-accidente-inexplicable/,latercera,www.latercera.com,7.0,35.0
41ce11378816a6b7835598ec17159a14,"Este domingo 21 de junio comienza el We tripantu o año nuevo mapuche. El contexto en el cual se realizará es complejo: por un lado está la pandemia por el coronavirus, y por otro el desarrollo del proceso constituyente, que tiene un plebiscito fijado (aún) para octubre. El proceso es considerado relevante ya que hasta ahora los pueblos originarios no se encuentran representados en la Constitución. La primera y hasta ahora única mención cercana se remonta a la Constitución de 1822 en la que se lee: “Cuidar de la civilización de los indios del territorio”.",Reconocimiento de los pueblos originarios: ¿Una postergación constitucional?,https://www.latercera.com//reconstitucion/noticia/reconocimiento-de-los-pueblos-originarios-una-postergacion-constitucional/5KCSBGLPIBE5TH3AF3BOC5RJB4/,latercera,www.latercera.com,5.0,42.0
428fa82407f3ad0acbec920ca56fdc00,"La vida a veces pone un lanzamiento de un artefacto cultural en una situación para la cual no estaba pensado, pero que el contexto termina por darle un total sentido. Tras el asesinato del afroamericano George Floyd a manos de un policía de Minneapolis, se volvió a poner en el tapete un tema que en Estados Unidos es una herida abierta, el racismo. Todo se resumió en un lema que se lanzó como una canción desesperada: “Black Lives Matter” (“Las vidas negras importan”).",La guerra de Secesión en tiempos de Black Lives Matter,https://www.latercera.com//culto/2020/07/14/la-guerra-de-secesion-en-tiempos-de-black-lives-matter/,latercera,www.latercera.com,6.0,39.0
e705d15baa260e176f657d4fd549e7b1,9.00 Seattle Sounders vs. Chicago Fire ESPN2 / MLS de Estados Unidos.,Ligas de fútbol y el recuerdo de un cabezazo histórico en la cartelera de martes ,https://www.latercera.com//el-deportivo/noticia/deportes-en-tv-hoy-en-tv-cartelera-de-deportes-guia-de-tv-la-tercera-el-deportivo/LM7HMBQWCFFRFGLADNBQXER66E/,latercera,www.latercera.com,7.0,6.0
d12869f1ae7126f76ecff5549fccec38,"El buen rendimiento de Alexis Sánchez se transforma en una tendencia. Luego del retorno de la actividad en Italia, el seleccionado nacional ha ganado en participación y en relevancia. Fue nuevamente titular en la victoria del Inter por 3-1 sobre el Torino, para encaramar al equipo en el segundo lugar de la Serie A.",Alexis sigue respondiendo y el Inter se pone segundo,https://www.latercera.com//el-deportivo/noticia/alexis-sigue-respondiendo-y-el-inter-se-pone-segundo/X7BCLMUKV5BTFCIA4EDNQHN34Q/,latercera,www.latercera.com,6.0,25.0
cd0db2c3cef6ff045fd4ca3b5aa6e6cf,"En las últimas semanas ha resurgido un interesante debate sobre la identidad de la derecha en Chile. Al respecto, hay una posición que tiende a subestimar el liberalismo, planteando que se trataría de un fenómeno reciente, y que se apartaría de los ideales de la “derecha histórica”. Las principales características que se le atribuyen, son el economicismo, la falta de política y la miopía para comprender las demandas ciudadanas. Así, han sugerido que, para enmendar dichos errores, la coalición debiese reorganizar su ideología en torno al “nacionalismo popular”, encarnado -supuestamente- en figuras de ciertos dirigentes de Chile Vamos.",¿Derecha histórica o derecha populista?,https://www.latercera.com//opinion/noticia/derecha-historica-o-derecha-populista/CUVDEMICH5GMRDQY5BAMD72LBQ/,latercera,www.latercera.com,3.0,49.0
9e7ab775dcdf58655be4d0e58154becf,"Para Pamela Sánchez, 36 y mamá de 3, la limpieza y el orden siempre ha sido un tema. “Soy fanática de la limpieza y el orden, ahora que trabajo desde la casa, cualquier muestra de suciedad o desorden no me dejaba concentrarme o directamente me ponía mal genio”, cuenta.",Mi compra favorita (y la más útil) de esta pandemia,https://www.latercera.com//practico/noticia/mi-compra-favorita-y-la-mas-util-de-esta-pandemia/N3DWYTGEJRH2XKF2GGWFQC6KWI/,latercera,www.latercera.com,4.0,25.0
5589d96621c7185d274907ef9f53e261,"Softbank Group Corp. está explorando alternativas que incluyen una venta total o parcial u oferta pública del diseñador británico de chips Arm Holdings, que el conglomerado japonés compró hace cuatro años por US$32.000 millones, según personas familiarizadas con el asunto.",SoftBank explora la venta o IPO de la diseñadora de chips Arm Holdings,https://www.latercera.com//pulso-trader/noticia/softbank-explora-la-venta-o-ipo-de-la-disenadora-de-chips-arm-holdings/MG3NPRWEPBEENC7DRPF7JOFURU/,latercera,www.latercera.com,8.0,28.0
62cb36607e938f33c6423a9bf79a3e18,Tema de conversación obligada ha sido hasta ahora el fallo del 2°Juzgado de Familia que ordenó al Registro Civil cambiar la partida de nacimiento de Attilio (2 años) y registrar que tiene dos madres: Emma de Ramón y Gigliola Di Giammarino.,¿Qué debates abre el caso de Attilio y sus dos mamás? ,https://www.latercera.com//reconstitucion/noticia/que-debates-abre-el-caso-de-attilio-y-sus-dos-mamas/SAPALEAVQFCMFAS4YSQWXC7E7Y/,latercera,www.latercera.com,6.0,23.0
a55128b38ebcc9d4e554fae1b191640a,"Angustia, miedo, descontrol, indecisión, inseguridad. Todas son sensaciones que se generan ante una situación de cambio. Una resistencia natural que el ser humano manifiesta cuando se enfrenta a una nueva realidad que lo saca de su zona de confort. Conducta curiosa, si pensamos que nuestro cuerpo es cambio en sí mismo. Muestra de ello es, por ejemplo, que nuestras células del páncreas cambien 24 horas y las neuronales cada 28 días. ",Por qué no debemos resistirnos al cambio,https://www.latercera.com//paula/por-que-no-debemos-resistirnos-al-cambio/,latercera,www.latercera.com,3.0,38.0
d16185230dec753d1bbf93266c894277,"“Sí, es un veto. Se trata de una propuesta que se le hace al Congreso y yo le puedo dar garantía que no va a tener ningún impacto en los beneficios que están acordados para las personas”. Con estas palabras el ministro Segpres, Claudio Alvarado, confirmó el jueves 9 que el Ejecutivo presentaría un veto al proyecto de ley que prohíbe los cortes a los servicios básicos durante la pandemia.",El veto presidencial: Orígenes e historia de una atribución constitucional,https://www.latercera.com//reconstitucion/noticia/el-veto-presidencial-origenes-e-historia-de-una-atribucion-constitucional/D635NCUBRJHPLJIVKPOCKQOLOQ/,latercera,www.latercera.com,6.0,32.0
d79b4bcc068acd15d558d00a0103dd4c,"Considerado uno de los mayores expertos estadounidense en enfermedades infecciosas, el doctor Anthony Fauci es el principal asesor de la Casa Blanca sobre el coronavirus. Pese a haberse convertido en la figura de la lucha contra la pandemia en el país, al punto de ser descrito en algunos sectores como “el médico de Estados Unidos”, hoy el epidemiólogo de 79 años se encuentra en la mira de la administración del Presidente Donald Trump. A medida que aumentan los casos de Covid-19 en Estados Unidos, Washington apunta sus dardos contra el científico, el cual, según la prensa local, estaría enfrentando una creciente marginación después de contradecir repetidamente la opinión de Trump sobre la efectividad de la respuesta del gobierno al coronavirus.",El doctor Fauci en la mira: La ofensiva de la Casa Blanca contra el asesor de Trump para la pandemia,https://www.latercera.com//la-tercera-pm/noticia/el-doctor-fauci-en-la-mira-la-ofensiva-de-la-casa-blanca-contra-el-asesor-de-trump-para-la-pandemia/FNQIPINNL5GUNKEZ74ZXFGJ3EY/,latercera,www.latercera.com,9.0,59.0
d7583352e44d20177ae1396d0227f68b,"Si bien el crecimiento de Santiago como ciudad en los últimos años ha sido tremendo, lo cierto es que sus mejoras no están llegando a todos por igual. Solo el 22% de la superficie metropolitana posee entornos urbanos en buen estado y el 71% de los hogares del Gran Santiago vive en espacios que pueden definirse como regulares o malos.","Plazas, servicios de salud, comercio, y seguridad son las principales necesidades urbanas del Gran Santiago",https://www.latercera.com//laboratoriodecontenidos/noticia/plazas-servicios-de-salud-comercio-y-seguridad-son-las-principales-necesidades-urbanas-del-gran-santiago/ZXYCW3DUXBEWXEIBEFBF7IJVK4/,latercera,www.latercera.com,10.0,29.0
c0705a473511abcd347101c1769c9c8c,"La rabia pudo más. Alejandro Gómez tiró sobre la cama su grabadora portátil y salió a caminar por las calles siempre bullentes de Bellavista hacia la Virgen del cerro San Cristóbal. Era tarde, pero no le importó. Nada importaba. A él le dolía más borrar por accidente la pista base de una canción que acababa de grabar en la soledad de la pieza que arrendaba en una pensión. Una de tantas que el músico registraba por esos días.",Canciones en la madrugada: Perrosky y la historia de un cassette con sabor a viejo rock and roll,https://www.latercera.com//culto/2020/07/13/canciones-en-la-madrugada-perrosky-y-la-historia-de-un-cassette-con-sabor-a-viejo-rock-and-roll/,latercera,www.latercera.com,10.0,38.0
168dd4a1a37d5b85dd7d27b09fd6b21c,"Incierto es el futuro del veto que presentó el gobierno para el proyecto que suspende los cortes de los servicios básicos, luego de su rechazo en la Comisión de Economía de la Cámara. Al respecto, el ministro de Energía, Juan Carlos Jobet, sostuvo que esperan seguir avanzando y que se apruebe.","Ministro de Energía y veto: “A nadie le van a cortar los servicios básicos, sin importar qué ocurra acá”",https://www.latercera.com//pulso/noticia/ministro-de-energia-y-veto-a-nadie-le-van-a-cortar-los-servicios-basicos-sin-importar-que-ocurra-aca/7RHN7EH6BRHXHG2SA5FG57MPIY/,latercera,www.latercera.com,11.0,26.0
4c5b78df4208a31314cfe4df902b358a,"Covid-19 es una enfermedad causada por un el virus que se propaga cuando las personas infectadas estornudan o tosen, y posiblemente también al tocar superficies contaminadas y luego llevar esas partículas con las manos a la zona de ojos, nariz o boca. Se sabe que lavarse las manos es una de las medidas más eficientes para prevenir su contagio.",Distancia dental: ¿Por qué hay que cambiar el cepillo de dientes luego de tener Covid-19?,https://www.latercera.com//que-pasa/noticia/distancia-dental-por-que-hay-que-cambiar-el-cepillo-de-dientes-luego-de-tener-covid-19/74NPZIDLPJAMJBUFHB52L6LYZQ/,latercera,www.latercera.com,7.0,27.0
e95e32138fd542e56f0fa36d3bda2743,"Es 1960, el inicio de una década marcada por intensos procesos sociales, políticos y culturales que transformarán el mundo. Entre otras revoluciones, ese mismo año, La Food and Drug Administration (FDA) de Estados Unidos aprueba el primer anticonceptivo oral, que solo unos años después llegará a Chile y cambiará la vida sexual y reproductiva de las mujeres. Una revolución que nos permitirá empezar a conquistar un pilar fundamental de la libertad individual femenina: la maternidad como elección y no como destino.",No más hormonas: Otros métodos de anticoncepción ,https://www.latercera.com//paula/no-mas-hormonas-otros-metodos-de-anticoncepcion/,latercera,www.latercera.com,3.0,45.0
08afce3ebb42488f7d935d08edd0f90f,"Durante el fin de semana, el parque Disney World ubicado en la ciudad de Orlando abrió finalmente sus puertas, recibiendo visitas por primera vez en casi cuatro meses a raíz de la pandemia de COVID-19. ",La reapertura de Disney World se convirtió en un meme de terror,https://www.latercera.com//mouse/la-reapertura-de-disney-world-se-convirtio-en-un-meme-de-terror/,latercera,www.latercera.com,6.0,20.0
4b100f5cea503aac1ae4148b6589a96f,"Una de las películas afectadas por los retrasos generados por la pandemia del COVID-19 es la planeada adaptación del videojuego Uncharted, en la que el británico Tom Holland (Spider-Man: Far From Home) dará vida al aventurero Nathan Drake.",Tom Holland mostró sus nuevos abdominales para la película de Uncharted,https://www.latercera.com//mouse/tom-holland-mostro-sus-nuevos-abdominales-para-la-pelicula-de-uncharted/,latercera,www.latercera.com,7.0,20.0
49b2327e394ce29ced705653457b50b8,"Por Paz Serra, jefa de la División de Desarrollo Urbano del Minvu",¿El fin de las grandes metrópolis?,https://www.latercera.com//opinion/noticia/el-fin-de-las-grandes-metropolis/4H3RL5ZHMNDFXNISNPFXDNHZTY/,latercera,www.latercera.com,3.0,7.0
ad87bd02ea4e2e52b3dddf3cc0b9dcff,"Duras críticas hacía la clase política realizó esta mañana el presidente de Moneda, Pablo Echeverría, al referirse a la reciente aprobación del proyecto que busca que los cotizantes puedan retirar el 10% de sus ahorros previsionales.","Pablo Echeverría por proyecto que permite el retiro del 10%: “Si el Senado no para esta iniciativa, esto será un tremendo autogol para la estabilidad fiscal de largo plazo de Chile”",https://www.latercera.com//pulso-trader/noticia/pablo-echeverria-por-proyecto-que-permite-el-retiro-del-10-si-el-senado-no-para-esta-iniciativa-esto-sera-un-tremendo-autogol-para-la-estabilidad-fiscal-de-largo-plazo-de-chile/UYMRWSBFZRC2RAXD3Q4D7DLDKA/,latercera,www.latercera.com,15.0,21.0
3816e8ba6dfb0b4eead01314492a9c70,"El coronavirus se expandía alrededor del globo y el cobre lo resentía sufriendo un duro golpe que lo dejó en un mínimo de US$2,095 el 23 de marzo de este año. Sin embargo, desde entonces el principal producto de exportación de Chile ha visto un salto de 41,7%, acumulando un alza de 6,3% en lo que va del año. Este lunes registró un valor de US$2,969 la libra. ",Reactivación china y dudas sobre oferta impulsan precio del cobre y mejoran perspectivas fiscales,https://www.latercera.com//pulso/noticia/reactivacion-china-y-dudas-sobreoferta-impulsan-precio-del-cobre-y-mejoran-perspectivas-fiscales/PGPNZXRCPFBETCPHVLPEU4D6QM/,latercera,www.latercera.com,10.0,31.0
d80be6b09bcd142abeb25b5c07b1e664,"Atento a la evolución que siga el proyecto que permite retirar el 10% de los fondos de pensiones está el presidente del Consejo Fiscal Autónomo (CFA), Jorge Desormeaux. Esto, porque cualquier modificación que se llegue a realizar en materia previsional tiene inmediato impacto en las cuentas fiscales y su estabilidad.",Presidente del Consejo Fiscal Autónomo y retiro del 10% de las AFP:  “Hace inviable la meta de estabilizar la deuda pública en torno al 45% del PIB”,https://www.latercera.com//pulso/noticia/presidente-del-consejo-fiscal-autonomo-y-retiro-del-10-de-las-afp-hace-inviable-la-meta-de-estabilizar-la-deuda-publica-en-torno-al-45-del-pib/T4W7ZWNHGZGGFNQP2OTG6BQK4I/,latercera,www.latercera.com,14.0,26.0
e333a4404957789fb16f67be7fdcaae5,"Tras registrar un promedio de ocho mil casos nuevos diarios, más del doble que el mes pasado, las autoridades de California decidieron dar marcha atrás a las medidas de reapertura y anunciaron el “cierre de las operaciones en interior” con el fin de contener la propagación del virus, que ya ha matado a 7.053 personas y tiene a 331.386 contagiados en el estado, la segunda cifra más alta a nivel nacional.",Rebrote: California da pie atrás,https://www.latercera.com//mundo/noticia/rebrote-california-da-pie-atras/AAI7HBVJFFHLFNT5GNOUQIBOAE/,latercera,www.latercera.com,5.0,35.0
932cd02af0d98798b0928d440e248a11,"Solo, sin estar acompañado de los ministros del comité político, el Presidente Sebastián Piñera lideró este lunes una reunión -a partir de las 11.00- con los presidentes y jefes de bancada y comité de RN, la UDI y Evópoli.",Retiro de fondos de AFP: Presidente Piñera asume protagonismo en gestiones para evitar nueva derrota,https://www.latercera.com//politica/noticia/retiro-de-fondos-de-afp-presidente-pinera-asume-protagonismo-en-gestiones-para-evitar-nueva-derrota/SDK5AAJOJBG4PJVPJECNKXWHCU/,latercera,www.latercera.com,11.0,19.0
e82ee0c8925fcb31e0ee85a6c7686bb5,"“Estamos en La Moneda con el ministro de Hacienda para buscar defender a la clase media; ese es nuestro dogma! No proteger a las AFP”. Este es parte del mensaje que el senador Iván Moreira publicó en su cuenta de Twitter hoy lunes antes de entrar a la reunión que sostuvo junto a otros parlamentarios gremialistas con el jefe de la cartera, Ignacio Briones. ",Senadores UDI califican como “positiva” reunión con Briones pero insisten en que definirán postura sobre retiro de fondos de AFP tras conocer propuestas para clase media,https://www.latercera.com//politica/noticia/senadores-udi-califican-como-positiva-reunion-con-briones-pero-insisten-en-que-definiran-postura-sobre-retiro-de-fondos-de-afp-tras-conocer-propuestas-para-clase-media/Q5R2ACI34NHN3DULO2CBTEVBF4/,latercera,www.latercera.com,17.0,30.0
b7bbd08ededb2ebf75de97da2c62b6a0,"El Real Madrid supera un nuevo obstáculo y está a un paso de ser el campeón de la liga española. Visitando el Nuevo Los Cármenes, le ganaron con mucha dificultad al Granada por 1-2 y le volvieron a sacar cuatro puntos de ventaja al Barcelona. Requieren de una victoria más para ganar el torneo local. ","El Madrid sufre, supera otra valla y puede ser campeón el jueves",https://www.latercera.com//el-deportivo/noticia/el-madrid-sufre-supera-otra-valla-y-puede-ser-campeon-el-jueves/NUXEAORBB5GS3N64QIAKXDJZ3A/,latercera,www.latercera.com,8.0,28.0
5344bc3d1f844a582d3946b42970a84c,"Tanto el mercado local como internacional sigue haciendo cálculos respecto a los montos que tendrían que vender las AFP, en caso de aprobarse el proyecto que buscar permitir el retiro de un 10% de los fondos de pensiones.",Venta de acciones por retiro del 10% de los fondos de pensiones equivaldría a 8 jornadas en volúmenes de negociación: Julius Baer,https://www.latercera.com//pulso-trader/noticia/venta-de-acciones-por-retiro-del-10-de-los-fondos-de-pensiones-equivaldria-a-8-jornadas-de-volumen-de-negociacion-julius-baer/6UWQRJTAKJC7FMZRICHGCT2ORU/,latercera,www.latercera.com,11.0,18.0
273cbe76ca650f7f9a5e4996240bb2d4,"Tras la aprobación del retiro de hasta un 10% de los ahorros de los cotizantes de las AFP por parte de la Cámara de Diputados –iniciativa que aún tiene que dirimirse en el Senado-, la Bolsa de Comercio de Santiago tuvo un jueves con sus índices en rojo.",Presidente de la Bolsa de Santiago y baja del IPSA frente a la iniciativa del retiro de pensiones: “Se está abriendo un hoyo para tapar otro (…) Eso es lo que tiene muy preocupado al mercado”,https://www.latercera.com//pulso-trader/noticia/presidente-de-la-bolsa-de-santiago-y-baja-del-ipsa-frente-a-la-iniciativa-del-retiro-de-pensiones-se-esta-abriendo-un-hoyo-para-tapar-otro-eso-es-lo-que-tiene-muy-preocupado-al-mercado/KDBJELHZE5E55IG5U6I57XVGVA/,latercera,www.latercera.com,14.0,17.0
d2b6c6fe45445a15a095e74131001f0c,"Ya no es una sorpresa. Las cifras de crecimiento económico siguen empeorando y se acercan al piso del rango proyectado por el Banco Central de-7,5%. Este escenario de crisis está teniendo implicancias en distintas variables como el desempleo, los ingresos de las personas y también en las quiebras, tanto de empresas como de personas.",Personas que se declaran en quiebra suben 22% en junio y ya superan las 2.600 en el año ,https://www.latercera.com//pulso/noticia/personas-que-se-declaran-en-quiebra-suben-22-en-junio-y-ya-superan-las-2600-en-el-ano/Q6VKTYBUJRDTRCEFUOMQ4ADI7Y/,latercera,www.latercera.com,7.0,23.0
870eaa5a9f03ad997c2f8711d9ffae6f,"En su hogar, con una sensación amarga, Daniel González (18) entrena a diario de manera online bajo las indicaciones del cuerpo técnico de Santiago Wanderers. En paralelo, el resto del plantel realiza sus prácticas en cancha, con balón, y al aire libre, debido al levantamiento de la cuarentena en algunos sectores de la Quinta Región. El encierro no le resta motivación para seguir peleando un lugar en la defensa del Decano, menos cuando este lunes, desde el gobierno anunciaron la autorización para que deportistas en cuarentena puedan realizar sus prácticas. Siempre bajo estrictos protocolos.",El permiso que rompe la división de Wanderers,https://www.latercera.com//el-deportivo/noticia/el-permiso-que-rompe-la-division-de-wanderers/6EIMWUSKXJCCFB2N7WBXIN6RQQ/,latercera,www.latercera.com,4.0,52.0
0db0dd98561edfb64235f8353362180e,"La mañana de este lunes, las autoridades del Ministerio de Salud realizaron un nuevo balance diario respecto del avance de la pandemia de Covid-19 actualmente en el país.",Ministro Paris reconoce demora en entrega de medicamentos para tratamiento del VIH y afirma que “lo estamos corrigiendo”,https://www.latercera.com//nacional/noticia/ministro-paris-reconoce-demora-en-entrega-de-medicamentos-para-tratamiento-del-vih-y-afirma-que-lo-estamos-corrigiendo/RPOCEL2CURG2ZAGDB6AAPJB5I4/,latercera,www.latercera.com,10.0,14.0
7067dc54c72f06de1957ab333c257f23,"En la eterna y estéril batalla entre perros y gatos —o más bien, de fanáticos de perros versus barrabravas de gatos—, la cuarentena les dio varios puntos a favor a los felinos: la mayoría no necesita salir a pasear ni correr, y su fama de limpios y autónomos al momento de evacuar sus tripas resultó, más que nunca, ser una bendición para sus confinados dueños.",Consejos para usar arena de gatos (y cuáles son las mejores),https://www.latercera.com//practico/noticia/consejos-para-usar-arena-de-gatos-y-cuales-son-las-mejores/663TCIAKVZFMBJEU2GP4PUZFII/,latercera,www.latercera.com,6.0,33.0
e009ebf1e20e3181d19f371c8e9cbfe2,"La piel es un órgano que varía, reflejando estados emocionales o cambios ambientales. Además, tanto el ciclo menstrual como el paso de los años en la vida fértil de las mujeres tienen un efecto visible en ella basado en cambios hormonales. El ciclo -que en promedio tiene una duración de 28 días-, está dividido en distintas fases y cada una de éstas se manifiesta de alguna manera.",¿Cómo afecta el ciclo menstrual a nuestra piel?,https://www.latercera.com//paula/como-afecta-el-ciclo-menstrual-a-nuestra-piel/,latercera,www.latercera.com,4.0,31.0
2203dafdf139527363868279b1c32241,"Un juego de mesa suele ser sinónimo de entretención grupal. Por mucho tiempo, al menos, la publicidad así nos lo hizo entender: los comerciales mostraban a familias muy bien constituidas, siempre caucásicas —y seguramente cristianas—, disfrutando de un flamante juego, todos vestidos con coloridos chalecos de lana —tejidos, se sugiere, por la hacendosa madre que, a pesar de su juventud (esa tersa piel no puede tener más de 30 años), ya domina todas las habilidades que se le exigen a una dueña de casa— y demostrando, con sus níveas y alineadas sonrisas, el carísimo plan dental que podía permitirse el sueldo del padre.",Los mejores juegos de mesa para una persona,https://www.latercera.com//practico/noticia/los-mejores-juegos-de-mesa-para-una-persona/7YG6SKKZQRAPDKCLDNMNRTODB4/,latercera,www.latercera.com,4.0,54.0
dc98663093dceed3751cec0eb77a0bf0,"Por Isabel Aninat S., Ignacio Irarrázaval Ll., Slaven Razmilic B. y Jorge Rodríguez C.",Propuestas para una efectiva descentralización,https://www.latercera.com//opinion/noticia/propuestas-para-una-efectiva-descentralizacion/DCAZREBSQVC6VBZBG2NHSJP6QY/,latercera,www.latercera.com,3.0,9.0
167e609796ba5ae713a399f6e1a3a8ea,"¿Quién debe hacerse cargo del doble costo que ha generado la cuarentena por el retraso en la entrega de propiedades por parte de las inmobiliarias? Los dividendos se deben continuar pagando y, en mi caso en particular, además estoy pagando un arriendo.",Ventas inmobiliarias en pausa,https://www.latercera.com//nacional/noticia/ventas-inmobiliarias-en-pausa/VCPVYDYXK5CBZILQ7XAMHVZFQY/,latercera,www.latercera.com,3.0,21.0
b011dd0f1976e11ca23953302735e636,"Arturo Vidal ha salido reforzado en el Barcelona tras el confinamiento. Goles, titularidades, minutos de juego y confianza. Un derroche de talento, pero también de físico y esfuerzo, la cualidad que más se le valora. Detrás de las capacidades que exhibe el volante está de alguna manera otro chileno, Juan Ramírez (42), su preparador físico personal desde hace hace varios años, quien lo mantuvo a punto también durante el encierro.","“Arturo Vidal tiene ADN Barça para dar, regalar y compartir”",https://www.latercera.com//el-deportivo/noticia/arturo-vidal-tiene-adn-barca-para-dar-regalar-y-compartir/EH7QOQT5JVGR5OV7IYGRNGW27U/,latercera,www.latercera.com,7.0,37.0
51f9f15b8ea95309ba3a0eb7fff92cae,“Estamos proponiendo poner como base el proyecto que presentó Michelle Bachelet”.,De criticado a valorado: El “revival” del proyecto constitucional de Bachelet,https://www.latercera.com//reconstitucion/noticia/de-criticado-a-valorado-el-revival-del-proyecto-constitucional-de-bachelet/W6H67ZRILBBALJV3VJ4S3JRY3Y/,latercera,www.latercera.com,6.0,7.0
0715df22ef6c5de53a89165d77ed2afc,"Si bien el proyecto que busca permitir el retiro de un 10% de los fondos de pensiones fue la principal temática del seminario de Moneda, también hubo tiempo para que los economistas, José Luis Daza y Sebastián Edwards, debatieran sobre los mercados financieros.",José Luis Daza y Sebastián Edwards ven inflación en precios de activos tras estímulos monetarios de la Fed,https://www.latercera.com//pulso-trader/noticia/jose-luis-daza-y-sebastian-edwards-ven-inflacion-en-precios-de-activos-tras-estimulos-monetarios-de-la-fed/56ZLSNDH3VGRPELABECCQE5YLQ/,latercera,www.latercera.com,13.0,22.0
36be30ede34ae373413d214874ffecb1,"A los 33 años de edad falleció Naya Rivera, la actriz que se hizo reconocida mundialmente gracias a su interpretación de Santana Lopez en la serie Glee.",Confirman el fallecimiento de Naya Rivera luego de encontrar un cuerpo en el lago Piru,https://www.latercera.com//mouse/confirman-el-fallecimiento-de-naya-rivera-luego-de-encontrar-un-cuerpo-en-el-lago-piru/,latercera,www.latercera.com,9.0,15.0
23fc81d19493931c8280b75529d0161e,"Esta mañana, el ministro de Salud, Enrique Paris, en conjunto con la subsecretaria de Salud Pública, Paula Daza, presentó los avances del coronavirus en el país. ","Paris destaca que “la mejoría continúa” en el país frente al coronavirus: Tasa de positividad baja al 15%, se registran 2.616 casos nuevos y total de decesos según Registro Civil superan los 7 mil",https://www.latercera.com//que-pasa/noticia/ministro-paris-destaca-que-la-mejoria-continua-en-el-pais-tasa-de-positividad-baja-al-15-en-las-ultimas-24-horas-se-registran-2616-casos-nuevos-y-decesos-totales-segun-registro-civil-superan-los-7-mil/6GXNLK4MJJBTPIXAV5QO445PKA/,latercera,www.latercera.com,20.0,15.0
a354bc33b01990de665c3f68df06a443,Harrison Ford es uno de los actores más cotizados de Hollywood. Ha trabajado en producciones taquilleras y que han dejado huella en la cultura pop.,Las mejores películas de Harrison Ford según IMDb,https://www.latercera.com//culto/2020/07/13/las-mejores-peliculas-de-harrison-ford-segun-imdb/,latercera,www.latercera.com,6.0,12.0
777215d8fd0918829eab3986334f5f7f,"En su significado original, un suburbio es un barrio ubicado a las afueras de las ciudades, poblados principalmente por personas de situación socioeconómica media baja quienes buscan aprovechar los precios y metros cuadrados, alternativa que con el tiempo se ha convertido en opción para personas con más ingresos que ven cómo, por el mismo precio de un departamento central, pueden tener una casa espaciosa y con patio.",Irse a los suburbios: Una alternativa que toma fuerza en medio de la pandemia,https://www.latercera.com//paula/irse-a-los-suburbios-una-alternativa-que-toma-fuerza-en-medio-de-la-pandemia/,latercera,www.latercera.com,7.0,36.0
d36b12ce5a145d10f0042cdefadec22c,"Iniciar un proceso de apertura para “ampliar” la coalición. Esa fue una de las principales definiciones que tomaron este fin de semana los presidentes de los partidos del Frente Amplio, luego de una jornada que fue calificada como “clave” por sus dirigentes para el futuro político y electoral del bloque.",Frente Amplio define ampliar coalición hacia nuevas fuerzas ante cargado calendario electoral  ,https://www.latercera.com//politica/noticia/frente-amplio-define-ampliar-coalicion-hacia-nuevas-fuerzas-ante-cargado-calendario-electoral/WMBHJWNMYBD35IXXCRMVQL7CAM/,latercera,www.latercera.com,11.0,23.0
9a73e580b507ab55e8031a33e1f3c648,"Deben ser más de siete. Capaz que miles. Porque apenas descorchas una botella de Siete Perros, de bodega Casa Liebre, se acusa ese permeable carácter que se desborda, como una exquisita jauría de uvas hechas vino. Una huella de cachorro lo dice en el corcho mismo, impresa en uno de sus extremos. Y es que la idea del nombre y sus etiquetas surgió cuando uno de sus creadores vio a un paseador de perros en un parque… ¡con siete perros! Sin querer abarcar tanto, porque es una línea sencilla y directa, cuando pruebas el chardonnay 2018 (un perro salchicha) del valle de San Antonio, ya sabes cómo es su estilo: fresco, chispeante, neto, directo. Como todo chardonnay, no es muy fragante ni expresivo en nariz, pero, como ninguno —además de una boca algo más amplia y envolvente—, lo acompaña un frescor efervescente y delicioso. Si hay ostiones, hay fiesta. Lo mismo su cabernet sauvignon, un bulldog, también de 2018: fresco, con una fruta definida, rica, sin madera; un jugo de frutas negras amables, fáciles de tomar, pero con una estructura justa, firme, propia de la cepa. Todos sus vinos son orgánicos y human-friendly.",13 grandes (y preciosos) vinos para encargar,https://www.latercera.com//practico/noticia/13-grandes-y-preciosos-vinos-para-encargar/LJPYVRTJEFBL3EXNM6MTSOXEZ4/,latercera,www.latercera.com,4.0,94.0
d0afa9281e3620027ba011f0468f270e,"En las últimas semanas se ha debatido sobre el alcance del apoyo a la clase media afectada por la pandemia, situación que se ha vuelto apremiante para muchas familias. Considerando que el Ingreso Familiar de Emergencia está más bien orientado a los hogares en situación de informalidad laboral o de menores ingresos, se sostiene que la clase media no estaría siendo cubierta por estos beneficios. No obstante, se debe reconocer que un porcentaje mayoritario de este grupo sí tiene acceso a éste, así como también a la ley de protección del empleo, que permite suspender o reducir la jornada laboral y a cambio obtener hasta un 70% de la caída en la remuneración desde aportes del Fondo de Cesantía. El problema, entonces, parece ser más bien que en ocasiones los montos que se perciben en virtud de dichos programas pueden ser insuficientes en relación con los niveles pre crisis.",Medidas en apoyo de la clase media,https://www.latercera.com//opinion/noticia/medidas-en-apoyo-de-la-clase-media/SYYBWKNHSFDTPI4GZPAFXCKLAU/,latercera,www.latercera.com,4.0,74.0
604063424869fc0fc4a1ee1e7dacb268,"Cuando el mundo aún no mutaba a digital, cuando Illustrator y toda la familia Adobe no eran la norma monopólica, las cosas se hacían a pulso. Se pintaba, dibujaba y montaba una página, póster o logotipo a punta de... ¡Rapidograph!, papel, tintas, tijeras. Era un trabajo de precisión y técnica. De hecho, antes de los diseñadores gráficos las piezas se encargaban a los artistas, por ejemplo los maravillosos afiches de Mucha o los archiconocidos de Toulouse-Lautrec.",I love NY,https://www.latercera.com//masdeco/i-love-ny/,latercera,www.latercera.com,3.0,37.0
d78d55c37524ede179e5e7cafba1f39c,Los anticuerpos al Sars-CoV-2 se pueden detectar en la mayoría de las personas infectadas entre 10 a 15 días después del inicio de los síntomas de Covid-19.,La inmunidad al coronavirus podría perderse en tan solo tres meses ,https://www.latercera.com//que-pasa/noticia/la-inmunidad-al-coronavirus-podria-perderse-en-tan-solo-tres-meses/TV3M2K2HV5CFVCP2MC2OCMTATY/,latercera,www.latercera.com,8.0,10.0
b84d66cca40044decf0d66cfbd6e5726,"Cuando se estrenó en 1994, bajo el título de Legends of the fall, la cinta de Edward Zwick quiso emular a las grandes superproducciones del pasado. Basada en la novela de Jim Harrison, Leyendas de pasión fue número 1 de taquilla durante tres semanas, a pesar de la severa crítica que la tildó de superficial y blanda.",Leyendas de pasión: Brad Pitt y una salvaje tragedia familiar ,https://www.latercera.com//culto/2020/07/12/leyendas-de-pasion-brad-pitt-y-una-salvaje-tragedia-familiar/,latercera,www.latercera.com,7.0,31.0
786f1870ffb01f2f881db2972603ffdd,"El Cloud Computing, o servicios de computación en la nube, es un modelo de servicios que permite a cualquier empresa virtualizar sus recursos, aplicaciones y capacidades de TI para que no tengan que depender de servidores físicos ni de inversión en infraestructura.",Las ventajas de adoptar el cloud computing para tu empresa,https://www.latercera.com//laboratoriodecontenidos/noticia/las-ventajas-de-adoptar-el-cloud-computing-para-tu-empresa/PSZSNIJPGZCATOECBQUHWNSUO4/,latercera,www.latercera.com,5.0,19.0
9c2fe8b53ec0c7965bbacf7651ad225e,"La minería ha estado en la mira en las últimas semanas por el aumento de contagios entre sus trabajadores, principalmente de Codelco, que ha tenido que extremar medidas.",Casos activos de Covid-19 en mineras superan los 1.500 y más de la mitad son de Codelco,https://www.latercera.com//pulso/noticia/casos-activos-de-covid-19-en-mineras-superan-los-1500-y-mas-de-la-mitad-son-de-codelco/AYJ7K6N3W5ACJMASAJOUSZA4U4/,latercera,www.latercera.com,6.0,11.0
a131cc6e054116a0ec48a1d6a6398f8c,"Por Jaime Casassus, Francisco Gallego y Rodrigo Icaran, Instituto de Economía UC",Covid-19: anticipando el avance de la pandemia usando Google,https://www.latercera.com//opinion/noticia/covid-19-anticipando-el-avance-de-la-pandemia-usando-google/P5M3FCLNRZG65LYOPM6IQBOWVA/,latercera,www.latercera.com,5.0,9.0
ad74f3686c45e592c5753f4fc36ea48b,"La historia del fútbol chileno está repleta de nombres que han logrado inscribirse en ella a partir de diferentes hechos. Acciones de todo tipo. Logros como ser el jugador con más goles de la Primera División. Y fracasos como ser el expulsado más tempranero en la historia de un campeonato. Revisa algunos de los hombres récords del balompié local, los cuales forman parte de una lista que incluye tanto a entrenadores como futbolistas, retirados o activos.",Del Tati a Paredes: los hombres récord del fútbol chileno,https://www.latercera.com//el-deportivo/noticia/del-tati-a-paredes-los-hombres-record-del-futbol-chileno/DT6CJIJT4NG6JOTUX22EI64AV4/,latercera,www.latercera.com,6.0,38.0
34d3375e16dc0bb462f5babd59536935,"¿Qué pasa hoy con las Escuelas Especiales? El Mineduc no las menciona y tampoco he escuchado a las Agrupaciones de Padres de niños con capacidades diferentes, que tienen a sus hijos en estos Colegios ¿Son acaso los parientes pobres de la educación chilena?",¿Cómo se adapta la educación especial a una pandemia?,https://www.latercera.com//nacional/noticia/como-se-adapta-la-educacion-especial-a-una-pandemia/5YAJHGRMAFDORM4BC3JYCC2FS4/,latercera,www.latercera.com,4.0,20.0
11823d4eed38b8aa55bfbb8b4b7c1244,"La Intendencia Metropolitana decretó para este martes 14 de julio la segunda preemergencia ambiental del año para la capital, debido a las malas condiciones de ventilación de la cuenca de Santiago.",Decretan para este martes segunda preemergencia del año en la Región Metropolitana,https://www.latercera.com//nacional/noticia/decretan-para-este-martes-segunda-preemergencia-del-ano-en-la-region-metropolitana/SIKQXCERIBHYNGSJWOGWR2UX6M/,latercera,www.latercera.com,7.0,16.0
719e3e181713c6c76e8787ce62fb7afa,"Con un total de 299.750 casos confirmados de coronavirus, 29.839 de ellos activos, y 35.006 fallecidos producto de la pandemia, México continúa siendo uno de los países de América Latina más golpeados por la pandemia. ",México registra más de 35 mil fallecidos y supera cifra de decesos en Italia por Covid-19 ,https://www.latercera.com//mundo/noticia/mexico-registra-mas-de-35-mil-fallecidos-y-supera-cifra-de-decesos-en-italia-por-covid-19/3TXYL56U65CXTDFDDUZQPKYZAE/,latercera,www.latercera.com,8.0,16.0
e9330015379b920ccdd6cb4306d4e2a4,"El fútbol empieza a ver con mayor certeza la posibilidad del retorno. La ministra del Deporte, Cecilia Pérez, anunció la autorización para que los clubes que están radicados en zonas en cuarentena reanuden los entrenamientos colectivos, siempre bajo estrictas medidas de seguridad sanitaria. La medida también se aplica a los deportistas de alto rendimiento, con enfoque en la preparación olímpica. 884 personas serán favorecidas.",Gobierno anuncia el permiso para que los clubes y los deportistas de alto rendimiento vuelvan a los entrenamientos,https://www.latercera.com//el-deportivo/noticia/gobierno-anuncia-el-permiso-para-que-los-clubes-vuelvan-a-los-entrenamientos/7ZJ6XDP6Q5BATKJYJ37LIKIGZA/,latercera,www.latercera.com,9.0,36.0
5a4b64a91fa0fc524ff831cf6d8c2730,"Si fuera una velada de boxeo, podría decirse que estos dos pugilistas vienen mostrándose los dientes desde varios días antes de subir al ring. Por un lado, el Jeep Wrangler -dueño del cinturón- y por el otro, un renacido que si bien estuvo retirado (desde 1996), se ha preparado para plantearle una dura batalla: no es otro que el Ford Bronco. Ahora, justo cuando la marca del óvalo prepara su gran destape global (hoy a las 20h), Jeep presentó un Wrangler Rubicon V8 de 450 Hp. “El sueño de quienes querían un Wrangler con ocho cilindros, puede hacerse realidad muy pronto”, advierten desde FCA.",Golpe y golpe: Jeep muestra un Wrangler V8 el mismo día que Ford destapará el Bronco,https://www.latercera.com//mtonline/noticia/golpe-y-golpe-jeep-muestra-un-wrangler-v8-el-mismo-dia-que-ford-destapara-el-bronco/6NLAAPFJJRADHA6BA3ONAMFIME/,latercera,www.latercera.com,10.0,52.0
487da90a58e687526539ab92025e3350,"No podemos estar confinados eternamente. Si salgo, ¿es seguro que me voy a contagiar? ¿Tenemos todos que contagiarnos de covid-19 para conseguir inmunidad? Y una vez contagiado, ¿eso me garantiza inmunidad al virus?",Inmunidad y Coronavirus,https://www.latercera.com//que-pasa/noticia/inmunidad-y-coronavirus/SCRN3NC6FFCOJNFHQOKRJIQSPU/,latercera,www.latercera.com,2.0,16.0
71763ef2adf0816f3747076d43b2b72d,"Esta semana se dio a conocer una carta firmada por 93 académicos y académicas, provenientes de la centro izquierda. En ella plantean debatir mecanismos para que se haga un plebiscito seguro, dado los efectos de la pandemia del coronavirus. La misiva era a su vez una respuesta a propuestas de sectores del oficialismo sobre no realizar el referéndum de entrada fijado para octubre o agregar opciones como un Congreso Constituyente.",Voto electrónico: Las repercusiones de una sugerencia para un plebiscito seguro,https://www.latercera.com//reconstitucion/noticia/voto-electronico-las-repercusiones-de-una-sugerencia-para-un-plebiscito-seguro/ODRPDSJ2P5G2DDLX42T72VCDEM/,latercera,www.latercera.com,6.0,35.0
